--OBSERVACAO: os comandos de inserção relacionados às tabelas MC_SGV_SAC e MC_SGV_OCORRENCIA_SAC pedidos nessa atividade estão no fim do script.

--INSERÇÃO DOS DEPTOS E SEUS RESPECTIVOS FUNCIONÁRIOS
INSERT INTO MC_DEPTO(CD_DEPTO, NM_DEPTO, ST_DEPTO) VALUES (SQ_MC_DEPTO.NEXTVAL, 'DIRETORIA', 'A');
INSERT INTO MC_FUNCIONARIO(CD_FUNCIONARIO, CD_DEPTO, CD_GERENTE, NM_FUNCIONARIO, DS_CARGO, VL_SALARIO, DT_CADASTRAMENTO, DT_NASCIMENTO)
VALUES (SQ_MC_FUNCIONARIO.NEXTVAL, SQ_MC_DEPTO.CURRVAL, NULL, 'Florinda Glup', 'PRESIDENTE', 54732, TO_DATE('10102000','DDMMYYYY'), TO_DATE('13031960','DDMMYYYY'));
INSERT INTO MC_FUNCIONARIO(CD_FUNCIONARIO, CD_DEPTO, CD_GERENTE, NM_FUNCIONARIO, DS_CARGO, VL_SALARIO, DT_CADASTRAMENTO, DT_NASCIMENTO)
VALUES (SQ_MC_FUNCIONARIO.NEXTVAL, SQ_MC_DEPTO.CURRVAL, 1, 'Silvana Silva', 'CONSELHEIRA', 8498, TO_DATE('18072008','DDMMYYYY'), TO_DATE('11051950','DDMMYYYY'));
INSERT INTO MC_FUNCIONARIO(CD_FUNCIONARIO, CD_DEPTO, CD_GERENTE, NM_FUNCIONARIO, DS_CARGO, VL_SALARIO, DT_CADASTRAMENTO, DT_NASCIMENTO)
VALUES (SQ_MC_FUNCIONARIO.NEXTVAL, SQ_MC_DEPTO.CURRVAL, 1, 'Thais Luppy', 'CONSELHEIRA', 8765, TO_DATE('31032009','DDMMYYYY'), TO_DATE('21051980','DDMMYYYY'));
INSERT INTO MC_FUNCIONARIO(CD_FUNCIONARIO, CD_DEPTO, CD_GERENTE, NM_FUNCIONARIO, DS_CARGO, VL_SALARIO, DT_CADASTRAMENTO, DT_NASCIMENTO)
VALUES (SQ_MC_FUNCIONARIO.NEXTVAL, SQ_MC_DEPTO.CURRVAL, 1, 'Maria Linda Tunner', 'CONSELHEIRA', 8812, TO_DATE('31031990','DDMMYYYY'), TO_DATE('27121997','DDMMYYYY'));
INSERT INTO MC_FUNCIONARIO(CD_FUNCIONARIO, CD_DEPTO, CD_GERENTE, NM_FUNCIONARIO, DS_CARGO, VL_SALARIO, DT_CADASTRAMENTO, DT_NASCIMENTO)
VALUES (SQ_MC_FUNCIONARIO.NEXTVAL, SQ_MC_DEPTO.CURRVAL, 1, 'Telma Reitzman', 'CONSELHEIRA', 8760, TO_DATE('31082011','DDMMYYYY'), TO_DATE('26121997','DDMMYYYY'));
INSERT INTO MC_FUNCIONARIO(CD_FUNCIONARIO, CD_DEPTO, CD_GERENTE, NM_FUNCIONARIO, DS_CARGO, VL_SALARIO, DT_CADASTRAMENTO, DT_NASCIMENTO)
VALUES (SQ_MC_FUNCIONARIO.NEXTVAL, SQ_MC_DEPTO.CURRVAL, 1, 'Vilma Dias', 'CONSELHEIRA', 8753, TO_DATE('21072010','DDMMYYYY'),  TO_DATE('25111997','DDMMYYYY'));
INSERT INTO MC_FUNCIONARIO(CD_FUNCIONARIO, CD_DEPTO, CD_GERENTE, NM_FUNCIONARIO, DS_CARGO, VL_SALARIO, DT_CADASTRAMENTO, DT_NASCIMENTO)
VALUES (SQ_MC_FUNCIONARIO.NEXTVAL, SQ_MC_DEPTO.CURRVAL, 1, 'Miriam Lee', 'CONSELHEIRA', 8761, TO_DATE('14062011','DDMMYYYY'), TO_DATE('25012002','DDMMYYYY'));


INSERT INTO MC_DEPTO(CD_DEPTO, NM_DEPTO, ST_DEPTO) VALUES (SQ_MC_DEPTO.NEXTVAL, 'PLANEJAMENTO ESTRATEGICO', 'A');
INSERT INTO MC_FUNCIONARIO(CD_FUNCIONARIO, CD_DEPTO, CD_GERENTE, NM_FUNCIONARIO, DS_CARGO, VL_SALARIO, DT_CADASTRAMENTO, DT_NASCIMENTO)
VALUES (SQ_MC_FUNCIONARIO.NEXTVAL, SQ_MC_DEPTO.CURRVAL, 1, 'Alice Lopes', 'GERENTE PLANEJAMENTO ESTRATEGICO', 11433, TO_DATE('18051991','DDMMYYYY'), TO_DATE('31072000','DDMMYYYY'));
INSERT INTO MC_FUNCIONARIO(CD_FUNCIONARIO, CD_DEPTO, CD_GERENTE, NM_FUNCIONARIO, DS_CARGO, VL_SALARIO, DT_CADASTRAMENTO, DT_NASCIMENTO)
VALUES (SQ_MC_FUNCIONARIO.NEXTVAL, SQ_MC_DEPTO.CURRVAL, SQ_MC_FUNCIONARIO.CURRVAL-1, 'Margarida Figueira', 'COORDENADORA PLANEJAMENTO ESTRATEGICO', 9988, TO_DATE('18052005','DDMMYYYY'), TO_DATE('21041990','DDMMYYYY'));
INSERT INTO MC_FUNCIONARIO(CD_FUNCIONARIO, CD_DEPTO, CD_GERENTE, NM_FUNCIONARIO, DS_CARGO, VL_SALARIO, DT_CADASTRAMENTO, DT_NASCIMENTO)
VALUES (SQ_MC_FUNCIONARIO.NEXTVAL, SQ_MC_DEPTO.CURRVAL, SQ_MC_FUNCIONARIO.CURRVAL-2, 'Cintia Sousa', 'ANALISTA PLANEJAMENTO', 5600, TO_DATE('23092009','DDMMYYYY'), TO_DATE('04051990','DDMMYYYY'));
INSERT INTO MC_FUNCIONARIO(CD_FUNCIONARIO, CD_DEPTO, CD_GERENTE, NM_FUNCIONARIO, DS_CARGO, VL_SALARIO, DT_CADASTRAMENTO, DT_NASCIMENTO)
VALUES (SQ_MC_FUNCIONARIO.NEXTVAL, SQ_MC_DEPTO.CURRVAL, SQ_MC_FUNCIONARIO.CURRVAL-3, 'Fernanda Yamaha', 'ANALISTA PLANEJAMENTO', 5800, TO_DATE('20112006','DDMMYYYY'), TO_DATE('19111970','DDMMYYYY'));
INSERT INTO MC_FUNCIONARIO(CD_FUNCIONARIO, CD_DEPTO, CD_GERENTE, NM_FUNCIONARIO, DS_CARGO, VL_SALARIO, DT_CADASTRAMENTO, DT_NASCIMENTO)
VALUES (SQ_MC_FUNCIONARIO.NEXTVAL, SQ_MC_DEPTO.CURRVAL, SQ_MC_FUNCIONARIO.CURRVAL-4, 'Dinah Honda', 'ANALISTA PLANEJAMENTO', 6800, TO_DATE('20111992','DDMMYYYY'), TO_DATE('11011992','DDMMYYYY'));
INSERT INTO MC_FUNCIONARIO(CD_FUNCIONARIO, CD_DEPTO, CD_GERENTE, NM_FUNCIONARIO, DS_CARGO, VL_SALARIO, DT_CADASTRAMENTO, DT_NASCIMENTO, DT_DESLIGAMENTO)
VALUES (SQ_MC_FUNCIONARIO.NEXTVAL, SQ_MC_DEPTO.CURRVAL, SQ_MC_FUNCIONARIO.CURRVAL-5, 'Samantha Vieira', 'ANALISTA PLANEJAMENTO', 6800, TO_DATE('02101997','DDMMYYYY'), TO_DATE('13091994','DDMMYYYY'),  TO_DATE('22122022','DDMMYYYY'));


INSERT INTO MC_FUNCIONARIO(CD_FUNCIONARIO, CD_DEPTO, CD_GERENTE, NM_FUNCIONARIO, DS_CARGO, VL_SALARIO, DT_CADASTRAMENTO, DT_NASCIMENTO)
VALUES (SQ_MC_FUNCIONARIO.NEXTVAL, SQ_MC_DEPTO.CURRVAL, SQ_MC_FUNCIONARIO.CURRVAL-6, 'Nivia Maria Mello', 'ANALISTA QUALIDADE', 9700, TO_DATE('17062006','DDMMYYYY'), TO_DATE('25031991','DDMMYYYY'));
INSERT INTO MC_FUNCIONARIO(CD_FUNCIONARIO, CD_DEPTO, CD_GERENTE, NM_FUNCIONARIO, DS_CARGO, VL_SALARIO, DT_CADASTRAMENTO, DT_NASCIMENTO)
VALUES (SQ_MC_FUNCIONARIO.NEXTVAL, SQ_MC_DEPTO.CURRVAL, SQ_MC_FUNCIONARIO.CURRVAL-7, 'Noemia Lima', 'ANALISTA QUALIDADE', 9887, TO_DATE('18092012','DDMMYYYY'), TO_DATE('16071992','DDMMYYYY'));
INSERT INTO MC_FUNCIONARIO(CD_FUNCIONARIO, CD_DEPTO, CD_GERENTE, NM_FUNCIONARIO, DS_CARGO, VL_SALARIO, DT_CADASTRAMENTO, DT_NASCIMENTO)
VALUES (SQ_MC_FUNCIONARIO.NEXTVAL, SQ_MC_DEPTO.CURRVAL, SQ_MC_FUNCIONARIO.CURRVAL-8, 'Camila Limytz', 'ANALISTA QUALIDADE', 7543, TO_DATE('18052005','DDMMYYYY'), TO_DATE('12081998','DDMMYYYY'));
INSERT INTO MC_FUNCIONARIO(CD_FUNCIONARIO, CD_DEPTO, CD_GERENTE, NM_FUNCIONARIO, DS_CARGO, VL_SALARIO, DT_CADASTRAMENTO, DT_NASCIMENTO)
VALUES (SQ_MC_FUNCIONARIO.NEXTVAL, SQ_MC_DEPTO.CURRVAL, SQ_MC_FUNCIONARIO.CURRVAL-9, 'Giovanna Potker', 'ANALISTA QUALIDADE', 6890, TO_DATE('18052005','DDMMYYYY'), TO_DATE('18071995','DDMMYYYY'));
INSERT INTO MC_FUNCIONARIO(CD_FUNCIONARIO, CD_DEPTO, CD_GERENTE, NM_FUNCIONARIO, DS_CARGO, VL_SALARIO, DT_CADASTRAMENTO, DT_NASCIMENTO)
VALUES (SQ_MC_FUNCIONARIO.NEXTVAL, SQ_MC_DEPTO.CURRVAL, SQ_MC_FUNCIONARIO.CURRVAL-10, 'Giulia Mendez', 'ANALISTA QUALIDADE', 8076, TO_DATE('18052005','DDMMYYYY'), TO_DATE('21061999','DDMMYYYY'));
INSERT INTO MC_FUNCIONARIO(CD_FUNCIONARIO, CD_DEPTO, CD_GERENTE, NM_FUNCIONARIO, DS_CARGO, VL_SALARIO, DT_CADASTRAMENTO, DT_NASCIMENTO)
VALUES (SQ_MC_FUNCIONARIO.NEXTVAL, SQ_MC_DEPTO.CURRVAL, SQ_MC_FUNCIONARIO.CURRVAL-11, 'Nice Faria', 'ANALISTA QUALIDADE', 8432, TO_DATE('18052005','DDMMYYYY'), TO_DATE('28081998','DDMMYYYY'));
INSERT INTO MC_FUNCIONARIO(CD_FUNCIONARIO, CD_DEPTO, CD_GERENTE, NM_FUNCIONARIO, DS_CARGO, VL_SALARIO, DT_CADASTRAMENTO, DT_NASCIMENTO)
VALUES (SQ_MC_FUNCIONARIO.NEXTVAL, SQ_MC_DEPTO.CURRVAL, SQ_MC_FUNCIONARIO.CURRVAL-12, 'Joelma Tutti', 'ANALISTA QUALIDADE', 8965, TO_DATE('18052005','DDMMYYYY'), TO_DATE('25091994','DDMMYYYY'));
INSERT INTO MC_FUNCIONARIO(CD_FUNCIONARIO, CD_DEPTO, CD_GERENTE, NM_FUNCIONARIO, DS_CARGO, VL_SALARIO, DT_CADASTRAMENTO, DT_NASCIMENTO)
VALUES (SQ_MC_FUNCIONARIO.NEXTVAL, SQ_MC_DEPTO.CURRVAL, SQ_MC_FUNCIONARIO.CURRVAL-13, 'Karen Kirk', 'ANALISTA QUALIDADE', 7431, TO_DATE('18052005','DDMMYYYY'), TO_DATE('05071995','DDMMYYYY'));
INSERT INTO MC_FUNCIONARIO(CD_FUNCIONARIO, CD_DEPTO, CD_GERENTE, NM_FUNCIONARIO, DS_CARGO, VL_SALARIO, DT_CADASTRAMENTO, DT_NASCIMENTO)
VALUES (SQ_MC_FUNCIONARIO.NEXTVAL, SQ_MC_DEPTO.CURRVAL, SQ_MC_FUNCIONARIO.CURRVAL-14, 'Luisa Luppy', 'ANALISTA QUALIDADE', 7698, TO_DATE('18052005','DDMMYYYY'), TO_DATE('08031997','DDMMYYYY'));
INSERT INTO MC_FUNCIONARIO(CD_FUNCIONARIO, CD_DEPTO, CD_GERENTE, NM_FUNCIONARIO, DS_CARGO, VL_SALARIO, DT_CADASTRAMENTO, DT_NASCIMENTO)
VALUES (SQ_MC_FUNCIONARIO.NEXTVAL, SQ_MC_DEPTO.CURRVAL, SQ_MC_FUNCIONARIO.CURRVAL-15, 'Paula Grande', 'ANALISTA QUALIDADE', 8765, TO_DATE('18052005','DDMMYYYY'), TO_DATE('22051993','DDMMYYYY'));

INSERT INTO MC_DEPTO(CD_DEPTO, NM_DEPTO, ST_DEPTO) VALUES (SQ_MC_DEPTO.NEXTVAL, 'COMERCIAL', 'A');
INSERT INTO MC_FUNCIONARIO(CD_FUNCIONARIO, CD_DEPTO, CD_GERENTE, NM_FUNCIONARIO, DS_CARGO, VL_SALARIO, DT_CADASTRAMENTO, DT_NASCIMENTO)
VALUES (SQ_MC_FUNCIONARIO.NEXTVAL, SQ_MC_DEPTO.CURRVAL, 1, 'Maria Linda Lopes', 'Gerente Comercial', 7222, TO_DATE('31032001','DDMMYYYY'), TO_DATE('30111983','DDMMYYYY'));
INSERT INTO MC_FUNCIONARIO(CD_FUNCIONARIO, CD_DEPTO, CD_GERENTE, NM_FUNCIONARIO, DS_CARGO, VL_SALARIO, DT_CADASTRAMENTO, DT_NASCIMENTO)
VALUES (SQ_MC_FUNCIONARIO.NEXTVAL, SQ_MC_DEPTO.CURRVAL, SQ_MC_FUNCIONARIO.CURRVAL-1, 'Luiza Zoop', 'Representante Comercial', 5783, TO_DATE('28042002','DDMMYYYY'), TO_DATE('02101976','DDMMYYYY'));
INSERT INTO MC_FUNCIONARIO(CD_FUNCIONARIO, CD_DEPTO, CD_GERENTE, NM_FUNCIONARIO, DS_CARGO, VL_SALARIO, DT_CADASTRAMENTO, DT_NASCIMENTO)
VALUES (SQ_MC_FUNCIONARIO.NEXTVAL, SQ_MC_DEPTO.CURRVAL, SQ_MC_FUNCIONARIO.CURRVAL-2, 'Monica Brasil', 'Representante Comercial', 7430, TO_DATE('16072002','DDMMYYYY'), TO_DATE('31121988','DDMMYYYY'));

INSERT INTO MC_DEPTO(CD_DEPTO, NM_DEPTO, ST_DEPTO) VALUES (SQ_MC_DEPTO.NEXTVAL, 'CONTABILIDADE', 'A');
INSERT INTO MC_FUNCIONARIO(CD_FUNCIONARIO, CD_DEPTO, CD_GERENTE, NM_FUNCIONARIO, DS_CARGO, VL_SALARIO, DT_CADASTRAMENTO, DT_NASCIMENTO)
VALUES (SQ_MC_FUNCIONARIO.NEXTVAL, SQ_MC_DEPTO.CURRVAL, 1, 'Tatiana Mussi', 'Gerente Contabil', 5499, TO_DATE('31122001','DDMMYYYY'), TO_DATE('23061989','DDMMYYYY'));
INSERT INTO MC_FUNCIONARIO(CD_FUNCIONARIO, CD_DEPTO, CD_GERENTE, NM_FUNCIONARIO, DS_CARGO, VL_SALARIO, DT_CADASTRAMENTO, DT_NASCIMENTO)
VALUES (SQ_MC_FUNCIONARIO.NEXTVAL, SQ_MC_DEPTO.CURRVAL, SQ_MC_FUNCIONARIO.CURRVAL-1, 'Adriana Pinheiro', 'Assistente Contabil', 3477, TO_DATE('28042012','DDMMYYYY'), TO_DATE('01011987','DDMMYYYY'));
INSERT INTO MC_FUNCIONARIO(CD_FUNCIONARIO, CD_DEPTO, CD_GERENTE, NM_FUNCIONARIO, DS_CARGO, VL_SALARIO, DT_CADASTRAMENTO, DT_NASCIMENTO)
VALUES (SQ_MC_FUNCIONARIO.NEXTVAL, SQ_MC_DEPTO.CURRVAL, SQ_MC_FUNCIONARIO.CURRVAL-2, 'Monique Lara', 'Assistente Contabil', 3477, TO_DATE('29082014','DDMMYYYY'), TO_DATE('12121993','DDMMYYYY'));

INSERT INTO MC_DEPTO(CD_DEPTO, NM_DEPTO, ST_DEPTO) VALUES (SQ_MC_DEPTO.NEXTVAL, 'ESTOQUE', 'A');
INSERT INTO MC_FUNCIONARIO(CD_FUNCIONARIO, CD_DEPTO, CD_GERENTE, NM_FUNCIONARIO, DS_CARGO, VL_SALARIO, DT_CADASTRAMENTO, DT_NASCIMENTO)
VALUES (SQ_MC_FUNCIONARIO.NEXTVAL, SQ_MC_DEPTO.CURRVAL, 1, 'Alice Costa', 'Gerente Logistica', 6280, TO_DATE('04112003','DDMMYYYY'), TO_DATE('22071993','DDMMYYYY'));
INSERT INTO MC_FUNCIONARIO(CD_FUNCIONARIO, CD_DEPTO, CD_GERENTE, NM_FUNCIONARIO, DS_CARGO, VL_SALARIO, DT_CADASTRAMENTO, DT_NASCIMENTO)
VALUES (SQ_MC_FUNCIONARIO.NEXTVAL, SQ_MC_DEPTO.CURRVAL, SQ_MC_FUNCIONARIO.CURRVAL-1, 'Flavia Junqueira', 'Analista Logistica', 4650, TO_DATE('27072004','DDMMYYYY'), TO_DATE('08081994','DDMMYYYY'));
INSERT INTO MC_FUNCIONARIO(CD_FUNCIONARIO, CD_DEPTO, CD_GERENTE, NM_FUNCIONARIO, DS_CARGO, VL_SALARIO, DT_CADASTRAMENTO, DT_NASCIMENTO)
VALUES (SQ_MC_FUNCIONARIO.NEXTVAL, SQ_MC_DEPTO.CURRVAL, SQ_MC_FUNCIONARIO.CURRVAL-2, 'Giovanna Lua', 'Assistente Logistica', 4650, TO_DATE('23032016','DDMMYYYY'), TO_DATE('14011998','DDMMYYYY'));

INSERT INTO MC_DEPTO(CD_DEPTO, NM_DEPTO, ST_DEPTO) VALUES (SQ_MC_DEPTO.NEXTVAL, 'FINANCEIRO', 'A');
INSERT INTO MC_FUNCIONARIO(CD_FUNCIONARIO, CD_DEPTO, CD_GERENTE, NM_FUNCIONARIO, DS_CARGO, VL_SALARIO, DT_CADASTRAMENTO, DT_NASCIMENTO)
VALUES (SQ_MC_FUNCIONARIO.NEXTVAL, SQ_MC_DEPTO.CURRVAL, 1, 'Dolores Julio', 'Gerente Financeira', 8700, TO_DATE('21122003','DDMMYYYY'), TO_DATE('21031989','DDMMYYYY'));
INSERT INTO MC_FUNCIONARIO(CD_FUNCIONARIO, CD_DEPTO, CD_GERENTE, NM_FUNCIONARIO, DS_CARGO, VL_SALARIO, DT_CADASTRAMENTO, DT_NASCIMENTO)
VALUES (SQ_MC_FUNCIONARIO.NEXTVAL, SQ_MC_DEPTO.CURRVAL, SQ_MC_FUNCIONARIO.CURRVAL-1, 'Elisa Suhay', 'Analista Financeira', 4850, TO_DATE('22022005','DDMMYYYY'), TO_DATE('03031998','DDMMYYYY'));
INSERT INTO MC_FUNCIONARIO(CD_FUNCIONARIO, CD_DEPTO, CD_GERENTE, NM_FUNCIONARIO, DS_CARGO, VL_SALARIO, DT_CADASTRAMENTO, DT_NASCIMENTO)
VALUES (SQ_MC_FUNCIONARIO.NEXTVAL, SQ_MC_DEPTO.CURRVAL, SQ_MC_FUNCIONARIO.CURRVAL-2, 'Fernanda Yamaha', 'Analista Financeira', 4850, TO_DATE('29092009','DDMMYYYY'), TO_DATE('19051999','DDMMYYYY'));

INSERT INTO MC_DEPTO(CD_DEPTO, NM_DEPTO, ST_DEPTO) VALUES (SQ_MC_DEPTO.NEXTVAL, 'SAC (SERVICO DE ATENDIMENTO AO CLIENTE)', 'A');
INSERT INTO MC_FUNCIONARIO(CD_FUNCIONARIO, CD_DEPTO, CD_GERENTE, NM_FUNCIONARIO, DS_CARGO, VL_SALARIO, DT_CADASTRAMENTO, DT_NASCIMENTO)
VALUES (SQ_MC_FUNCIONARIO.NEXTVAL, SQ_MC_DEPTO.CURRVAL, 1, 'Leonice Alvarez', 'Gerente SAC', 4912, TO_DATE('31072002','DDMMYYYY'), TO_DATE('11011994','DDMMYYYY'));
INSERT INTO MC_FUNCIONARIO(CD_FUNCIONARIO, CD_DEPTO, CD_GERENTE, NM_FUNCIONARIO, DS_CARGO, VL_SALARIO, DT_CADASTRAMENTO, DT_NASCIMENTO)
VALUES (SQ_MC_FUNCIONARIO.NEXTVAL, SQ_MC_DEPTO.CURRVAL, SQ_MC_FUNCIONARIO.CURRVAL-1, 'Beatriz Julio', 'Analista SAC', 2820, TO_DATE('26062010','DDMMYYYY'), TO_DATE('05051999','DDMMYYYY'));
INSERT INTO MC_FUNCIONARIO(CD_FUNCIONARIO, CD_DEPTO, CD_GERENTE, NM_FUNCIONARIO, DS_CARGO, VL_SALARIO, DT_CADASTRAMENTO, DT_NASCIMENTO)
VALUES (SQ_MC_FUNCIONARIO.NEXTVAL, SQ_MC_DEPTO.CURRVAL, SQ_MC_FUNCIONARIO.CURRVAL-2, 'Vitoria Oliveira', 'Analista SAC', 2820, TO_DATE('28082012','DDMMYYYY'), TO_DATE('13082000','DDMMYYYY'));

INSERT INTO MC_DEPTO(CD_DEPTO, NM_DEPTO, ST_DEPTO) VALUES (SQ_MC_DEPTO.NEXTVAL, 'RECURSOS HUMANOS (RH)', 'A');
INSERT INTO MC_FUNCIONARIO(CD_FUNCIONARIO, CD_DEPTO, CD_GERENTE, NM_FUNCIONARIO, DS_CARGO, VL_SALARIO, DT_CADASTRAMENTO, DT_NASCIMENTO)
VALUES (SQ_MC_FUNCIONARIO.NEXTVAL, SQ_MC_DEPTO.CURRVAL, 1, 'Heloisa Suassana', 'Gerente RH', 7641, TO_DATE('20092003','DDMMYYYY'), TO_DATE('19101995','DDMMYYYY'));
INSERT INTO MC_FUNCIONARIO(CD_FUNCIONARIO, CD_DEPTO, CD_GERENTE, NM_FUNCIONARIO, DS_CARGO, VL_SALARIO, DT_CADASTRAMENTO, DT_NASCIMENTO)
VALUES (SQ_MC_FUNCIONARIO.NEXTVAL, SQ_MC_DEPTO.CURRVAL, SQ_MC_FUNCIONARIO.CURRVAL-1, 'Juliana Flores', 'Analista RH', 3400, TO_DATE('24042014','DDMMYYYY'), TO_DATE('09121996','DDMMYYYY'));
INSERT INTO MC_FUNCIONARIO(CD_FUNCIONARIO, CD_DEPTO, CD_GERENTE, NM_FUNCIONARIO, DS_CARGO, VL_SALARIO, DT_CADASTRAMENTO, DT_NASCIMENTO)
VALUES (SQ_MC_FUNCIONARIO.NEXTVAL, SQ_MC_DEPTO.CURRVAL, SQ_MC_FUNCIONARIO.CURRVAL-2, 'Karina Voltz', 'Analista RH', 3400, TO_DATE('17092016','DDMMYYYY'), TO_DATE('05042002','DDMMYYYY'));

INSERT INTO MC_DEPTO(CD_DEPTO, NM_DEPTO, ST_DEPTO) VALUES (SQ_MC_DEPTO.NEXTVAL, 'LOGISTICA', 'A');
INSERT INTO MC_FUNCIONARIO(CD_FUNCIONARIO, CD_DEPTO, CD_GERENTE, NM_FUNCIONARIO, DS_CARGO, VL_SALARIO, DT_CADASTRAMENTO, DT_NASCIMENTO)
VALUES (SQ_MC_FUNCIONARIO.NEXTVAL, SQ_MC_DEPTO.CURRVAL, NULL, 'Flor Deliz', 'Gerente Logistica', 7322, TO_DATE('10102000','DDMMYYYY'), TO_DATE('13031960','DDMMYYYY'));
INSERT INTO MC_FUNCIONARIO(CD_FUNCIONARIO, CD_DEPTO, CD_GERENTE, NM_FUNCIONARIO, DS_CARGO, VL_SALARIO, DT_CADASTRAMENTO, DT_NASCIMENTO)
VALUES (SQ_MC_FUNCIONARIO.NEXTVAL, SQ_MC_DEPTO.CURRVAL, 1, 'Susy Pietro', 'Analista Logistica', 4600, TO_DATE('18072008','DDMMYYYY'), TO_DATE('11051950','DDMMYYYY'));
INSERT INTO MC_FUNCIONARIO(CD_FUNCIONARIO, CD_DEPTO, CD_GERENTE, NM_FUNCIONARIO, DS_CARGO, VL_SALARIO, DT_CADASTRAMENTO, DT_NASCIMENTO)
VALUES (SQ_MC_FUNCIONARIO.NEXTVAL, SQ_MC_DEPTO.CURRVAL, 1, 'Thammy July', 'Analista Logistica', 4578, TO_DATE('31032009','DDMMYYYY'), TO_DATE('21051980','DDMMYYYY'));

INSERT INTO MC_DEPTO(CD_DEPTO, NM_DEPTO, ST_DEPTO) VALUES (SQ_MC_DEPTO.NEXTVAL, 'TECNOLOGIA DA INFORMAcaO (TI)', 'I');

--INSERÇÃO DOS ESTADOS
INSERT INTO MC_ESTADO(SG_ESTADO, NM_ESTADO) VALUES ('AC', 'ACRE');  
INSERT INTO MC_ESTADO(SG_ESTADO, NM_ESTADO) VALUES ('AL', 'ALAGOAS');  
INSERT INTO MC_ESTADO(SG_ESTADO, NM_ESTADO) VALUES ('AP', 'AMAPA');  
INSERT INTO MC_ESTADO(SG_ESTADO, NM_ESTADO) VALUES ('AM', 'AMAZONAS');   
INSERT INTO MC_ESTADO(SG_ESTADO, NM_ESTADO) VALUES ('BA', 'BAHIA');  
INSERT INTO MC_ESTADO(SG_ESTADO, NM_ESTADO) VALUES ('CE', 'CEARa');  
INSERT INTO MC_ESTADO(SG_ESTADO, NM_ESTADO) VALUES ('ES', 'ESPiRITO SANTO');  
INSERT INTO MC_ESTADO(SG_ESTADO, NM_ESTADO) VALUES ('GO', 'GOIaS');  
INSERT INTO MC_ESTADO(SG_ESTADO, NM_ESTADO) VALUES ('MA', 'MARANHaO');  
INSERT INTO MC_ESTADO(SG_ESTADO, NM_ESTADO) VALUES ('MT', 'MATO GROSSO');  
INSERT INTO MC_ESTADO(SG_ESTADO, NM_ESTADO) VALUES ('MS', 'MATO GROSSO DO SUL');  
INSERT INTO MC_ESTADO(SG_ESTADO, NM_ESTADO) VALUES ('MG', 'MINAS GERAIS');  
INSERT INTO MC_ESTADO(SG_ESTADO, NM_ESTADO) VALUES ('PA', 'PARa');  
INSERT INTO MC_ESTADO(SG_ESTADO, NM_ESTADO) VALUES ('PB', 'PARAiBA');  
INSERT INTO MC_ESTADO(SG_ESTADO, NM_ESTADO) VALUES ('PR', 'PARANa');  
INSERT INTO MC_ESTADO(SG_ESTADO, NM_ESTADO) VALUES ('PE', 'PERNAMBUCO');  
INSERT INTO MC_ESTADO(SG_ESTADO, NM_ESTADO) VALUES ('PI', 'PIAUi');  
INSERT INTO MC_ESTADO(SG_ESTADO, NM_ESTADO) VALUES ('RJ', 'RIO DE JANEIRO');  
INSERT INTO MC_ESTADO(SG_ESTADO, NM_ESTADO) VALUES ('RN', 'RIO GRANDE DO NORTE');  
INSERT INTO MC_ESTADO(SG_ESTADO, NM_ESTADO) VALUES ('RS', 'RIO GRANDE DO SUL');  
INSERT INTO MC_ESTADO(SG_ESTADO, NM_ESTADO) VALUES ('RO', 'RONDÔNIA');  
INSERT INTO MC_ESTADO(SG_ESTADO, NM_ESTADO) VALUES ('RR', 'RORAIMA');  
INSERT INTO MC_ESTADO(SG_ESTADO, NM_ESTADO) VALUES ('SC', 'SANTA CATARIA');  
INSERT INTO MC_ESTADO(SG_ESTADO, NM_ESTADO) VALUES ('SP', 'SaO PAULO');
INSERT INTO MC_ESTADO(SG_ESTADO, NM_ESTADO) VALUES ('SE', 'SERGIPE');  
INSERT INTO MC_ESTADO(SG_ESTADO, NM_ESTADO) VALUES ('TO', 'TOCANTINS');  

--INSERÇÃO DE CIDADES, BAIRROS E LOGRADOUROS
INSERT INTO MC_CIDADE(CD_CIDADE, SG_ESTADO, NM_CIDADE, CD_IBGE, NR_DDD) VALUES (SQ_MC_CIDADE.NEXTVAL, 'RS', 'Porto Alegre',  4314902, 52);
INSERT INTO MC_BAIRRO(CD_BAIRRO, CD_CIDADE, NM_BAIRRO, NM_ZONA_BAIRRO) VALUES (SQ_MC_BAIRRO.NEXTVAL, SQ_MC_CIDADE.CURRVAL, 'Arpoadouro', 'ZONA NORTE');
INSERT INTO MC_LOGRADOURO(CD_LOGRADOURO, CD_BAIRRO, NM_LOGRADOURO, NR_CEP) VALUES (SQ_MC_LOGRADOURO.NEXTVAL, SQ_MC_BAIRRO.CURRVAL, 'Avenida Wenceslau Escobar', ' 91900000');
INSERT INTO MC_LOGRADOURO(CD_LOGRADOURO, CD_BAIRRO, NM_LOGRADOURO, NR_CEP) VALUES (SQ_MC_LOGRADOURO.NEXTVAL, SQ_MC_BAIRRO.CURRVAL, 'Avenida do Forte', '91360001');

INSERT INTO MC_CIDADE(CD_CIDADE, SG_ESTADO, NM_CIDADE, CD_IBGE, NR_DDD) VALUES (SQ_MC_CIDADE.NEXTVAL, 'RS', 'Caxias do Sul',  4305108, 54);
INSERT INTO MC_BAIRRO(CD_BAIRRO, CD_CIDADE, NM_BAIRRO, NM_ZONA_BAIRRO) VALUES (SQ_MC_BAIRRO.NEXTVAL, SQ_MC_CIDADE.CURRVAL, 'Vila Zenai', 'ZONA LESTE');
INSERT INTO MC_LOGRADOURO(CD_LOGRADOURO, CD_BAIRRO, NM_LOGRADOURO, NR_CEP) VALUES (SQ_MC_LOGRADOURO.NEXTVAL, SQ_MC_BAIRRO.CURRVAL, 'Rua principal', ' 95010110');
INSERT INTO MC_LOGRADOURO(CD_LOGRADOURO, CD_BAIRRO, NM_LOGRADOURO, NR_CEP) VALUES (SQ_MC_LOGRADOURO.NEXTVAL, SQ_MC_BAIRRO.CURRVAL, 'Rua Dr. Oliveira', ' 95010876');

INSERT INTO MC_CIDADE(CD_CIDADE, SG_ESTADO, NM_CIDADE, CD_IBGE, NR_DDD) VALUES (SQ_MC_CIDADE.NEXTVAL, 'SP', 'Sao Paulo',  35, 11);
INSERT INTO MC_BAIRRO(CD_BAIRRO, CD_CIDADE, NM_BAIRRO, NM_ZONA_BAIRRO) VALUES (SQ_MC_BAIRRO.NEXTVAL, SQ_MC_CIDADE.CURRVAL, 'CAMBUCI', 'ZONA ZUL');
INSERT INTO MC_LOGRADOURO(CD_LOGRADOURO, CD_BAIRRO, NM_LOGRADOURO, NR_CEP) VALUES (SQ_MC_LOGRADOURO.NEXTVAL, SQ_MC_BAIRRO.CURRVAL, 'Avenida Lacerda Franco', '01536000');
INSERT INTO MC_LOGRADOURO(CD_LOGRADOURO, CD_BAIRRO, NM_LOGRADOURO, NR_CEP) VALUES (SQ_MC_LOGRADOURO.NEXTVAL, SQ_MC_BAIRRO.CURRVAL, 'Avenida Lins de Vasconcelos', '01536112');

INSERT INTO MC_CIDADE(CD_CIDADE, SG_ESTADO, NM_CIDADE, CD_IBGE, NR_DDD) VALUES (SQ_MC_CIDADE.NEXTVAL, 'SP', 'Atibaia',  3504107, 11);
INSERT INTO MC_BAIRRO(CD_BAIRRO, CD_CIDADE, NM_BAIRRO, NM_ZONA_BAIRRO) VALUES (SQ_MC_BAIRRO.NEXTVAL, SQ_MC_CIDADE.CURRVAL, 'Vila Zenai', 'ZONA LESTE');
INSERT INTO MC_LOGRADOURO(CD_LOGRADOURO, CD_BAIRRO, NM_LOGRADOURO, NR_CEP) VALUES (SQ_MC_LOGRADOURO.NEXTVAL, SQ_MC_BAIRRO.CURRVAL, 'Av. Figueira Garden', '12940010');
INSERT INTO MC_LOGRADOURO(CD_LOGRADOURO, CD_BAIRRO, NM_LOGRADOURO, NR_CEP) VALUES (SQ_MC_LOGRADOURO.NEXTVAL, SQ_MC_BAIRRO.CURRVAL, 'Av. Floriano Peixoto', '12940011');

INSERT INTO MC_CIDADE(CD_CIDADE, SG_ESTADO, NM_CIDADE, CD_IBGE, NR_DDD) VALUES (SQ_MC_CIDADE.NEXTVAL, 'SC', 'Florianopolis',  4205407, 48);
INSERT INTO MC_BAIRRO(CD_BAIRRO, CD_CIDADE, NM_BAIRRO, NM_ZONA_BAIRRO) VALUES (SQ_MC_BAIRRO.NEXTVAL, SQ_MC_CIDADE.CURRVAL, 'CENTRO', 'ZONA ZUL');
INSERT INTO MC_LOGRADOURO(CD_LOGRADOURO, CD_BAIRRO, NM_LOGRADOURO, NR_CEP) VALUES (SQ_MC_LOGRADOURO.NEXTVAL, SQ_MC_BAIRRO.CURRVAL, 'Avenida Principal', '88058300');
INSERT INTO MC_LOGRADOURO(CD_LOGRADOURO, CD_BAIRRO, NM_LOGRADOURO, NR_CEP) VALUES (SQ_MC_LOGRADOURO.NEXTVAL, SQ_MC_BAIRRO.CURRVAL, 'Avenida Presidente Jose Luiz', '88058310');

INSERT INTO MC_CIDADE(CD_CIDADE, SG_ESTADO, NM_CIDADE, CD_IBGE, NR_DDD) VALUES (SQ_MC_CIDADE.NEXTVAL, 'SC', 'JOINVILLE',  3504107, 11);
INSERT INTO MC_BAIRRO(CD_BAIRRO, CD_CIDADE, NM_BAIRRO, NM_ZONA_BAIRRO) VALUES (SQ_MC_BAIRRO.NEXTVAL, SQ_MC_CIDADE.CURRVAL, 'CENTRO', 'CENTRO');
INSERT INTO MC_LOGRADOURO(CD_LOGRADOURO, CD_BAIRRO, NM_LOGRADOURO, NR_CEP) VALUES (SQ_MC_LOGRADOURO.NEXTVAL, SQ_MC_BAIRRO.CURRVAL, 'Av. Paulo Shoreze', '89232302');
INSERT INTO MC_LOGRADOURO(CD_LOGRADOURO, CD_BAIRRO, NM_LOGRADOURO, NR_CEP) VALUES (SQ_MC_LOGRADOURO.NEXTVAL, SQ_MC_BAIRRO.CURRVAL, 'Av. Cesar Claro', '89232302');

INSERT INTO MC_CIDADE(CD_CIDADE, SG_ESTADO, NM_CIDADE, CD_IBGE, NR_DDD) VALUES (SQ_MC_CIDADE.NEXTVAL, 'BA', 'SALVADOR',  2927408, 71);
INSERT INTO MC_BAIRRO(CD_BAIRRO, CD_CIDADE, NM_BAIRRO, NM_ZONA_BAIRRO) VALUES (SQ_MC_BAIRRO.NEXTVAL, SQ_MC_CIDADE.CURRVAL, 'CENTRO', 'ZONA ZUL');
INSERT INTO MC_LOGRADOURO(CD_LOGRADOURO, CD_BAIRRO, NM_LOGRADOURO, NR_CEP) VALUES (SQ_MC_LOGRADOURO.NEXTVAL, SQ_MC_BAIRRO.CURRVAL, 'Avenida Padre Otoloni', '40020901');
INSERT INTO MC_LOGRADOURO(CD_LOGRADOURO, CD_BAIRRO, NM_LOGRADOURO, NR_CEP) VALUES (SQ_MC_LOGRADOURO.NEXTVAL, SQ_MC_BAIRRO.CURRVAL, 'Avenida Maria Luiza', '40020901');

INSERT INTO MC_CIDADE(CD_CIDADE, SG_ESTADO, NM_CIDADE, CD_IBGE, NR_DDD) VALUES (SQ_MC_CIDADE.NEXTVAL, 'BA', 'Vitoria da Conquista',  2927412, 72);
INSERT INTO MC_BAIRRO(CD_BAIRRO, CD_CIDADE, NM_BAIRRO, NM_ZONA_BAIRRO) VALUES (SQ_MC_BAIRRO.NEXTVAL, SQ_MC_CIDADE.CURRVAL, 'CENTRO', 'CENTRO');
INSERT INTO MC_LOGRADOURO(CD_LOGRADOURO, CD_BAIRRO, NM_LOGRADOURO, NR_CEP) VALUES (SQ_MC_LOGRADOURO.NEXTVAL, SQ_MC_BAIRRO.CURRVAL, 'Av. Maria Vitoria', '40020931');
INSERT INTO MC_LOGRADOURO(CD_LOGRADOURO, CD_BAIRRO, NM_LOGRADOURO, NR_CEP) VALUES (SQ_MC_LOGRADOURO.NEXTVAL, SQ_MC_BAIRRO.CURRVAL, 'Av. Carlos Klan', '40020921');

INSERT INTO MC_CIDADE(CD_CIDADE, SG_ESTADO, NM_CIDADE, CD_IBGE, NR_DDD) VALUES (SQ_MC_CIDADE.NEXTVAL, 'CE', 'FORTALEZA',  2304400, 85);
INSERT INTO MC_BAIRRO(CD_BAIRRO, CD_CIDADE, NM_BAIRRO, NM_ZONA_BAIRRO) VALUES (SQ_MC_BAIRRO.NEXTVAL, SQ_MC_CIDADE.CURRVAL, 'CENTRO', 'CENTRO');
INSERT INTO MC_LOGRADOURO(CD_LOGRADOURO, CD_BAIRRO, NM_LOGRADOURO, NR_CEP) VALUES (SQ_MC_LOGRADOURO.NEXTVAL, SQ_MC_BAIRRO.CURRVAL, 'Avenida do Calcadao', '60312060');
INSERT INTO MC_LOGRADOURO(CD_LOGRADOURO, CD_BAIRRO, NM_LOGRADOURO, NR_CEP) VALUES (SQ_MC_LOGRADOURO.NEXTVAL, SQ_MC_BAIRRO.CURRVAL, 'Avenida Capitao do Mar', '60312060');

INSERT INTO MC_CIDADE(CD_CIDADE, SG_ESTADO, NM_CIDADE, CD_IBGE, NR_DDD) VALUES (SQ_MC_CIDADE.NEXTVAL, 'CE', 'Juazeiro do Norte',  2304400, 86);
INSERT INTO MC_BAIRRO(CD_BAIRRO, CD_CIDADE, NM_BAIRRO, NM_ZONA_BAIRRO) VALUES (SQ_MC_BAIRRO.NEXTVAL, SQ_MC_CIDADE.CURRVAL, 'CENTRO', 'CENTRO');
INSERT INTO MC_LOGRADOURO(CD_LOGRADOURO, CD_BAIRRO, NM_LOGRADOURO, NR_CEP) VALUES (SQ_MC_LOGRADOURO.NEXTVAL, SQ_MC_BAIRRO.CURRVAL, 'Av. Monica Seles', '60312054');
INSERT INTO MC_LOGRADOURO(CD_LOGRADOURO, CD_BAIRRO, NM_LOGRADOURO, NR_CEP) VALUES (SQ_MC_LOGRADOURO.NEXTVAL, SQ_MC_BAIRRO.CURRVAL, 'Av. Michel Luiz', '60312054');

--INSERÇÃO DE ENDEREÇOS DOS FUNCIONÁRIOS
INSERT INTO MC_END_FUNC(CD_FUNCIONARIO, CD_LOGRADOURO, NR_END, DT_INICIO, ST_END)
VALUES( 1, 2, 202, TO_DATE('01012000','DDMMYYYY'), 'A');

INSERT INTO MC_END_FUNC(CD_FUNCIONARIO, CD_LOGRADOURO, NR_END, DT_INICIO, ST_END)
VALUES( 2, 4, 434, TO_DATE('10052000','DDMMYYYY'), 'A');

INSERT INTO MC_END_FUNC(CD_FUNCIONARIO, CD_LOGRADOURO, NR_END, DT_INICIO, ST_END)
VALUES( 3, 5, 354, TO_DATE('08062000','DDMMYYYY'), 'A');

INSERT INTO MC_END_FUNC(CD_FUNCIONARIO, CD_LOGRADOURO, NR_END, DT_INICIO, ST_END)
VALUES( 4, 6, 467, TO_DATE('11092003','DDMMYYYY'), 'A');

INSERT INTO MC_END_FUNC(CD_FUNCIONARIO, CD_LOGRADOURO, NR_END, DT_INICIO, ST_END)
VALUES( 5, 12, 230, TO_DATE('13032002','DDMMYYYY'), 'A');

INSERT INTO MC_END_FUNC(CD_FUNCIONARIO, CD_LOGRADOURO, NR_END, DT_INICIO, ST_END)
VALUES( 6, 20, 299, TO_DATE('18052001','DDMMYYYY'), 'A');

INSERT INTO MC_END_FUNC(CD_FUNCIONARIO, CD_LOGRADOURO, NR_END, DT_INICIO, ST_END)
VALUES( 7, 11, 21, TO_DATE('30122000','DDMMYYYY'), 'A');

INSERT INTO MC_END_FUNC(CD_FUNCIONARIO, CD_LOGRADOURO, NR_END, DT_INICIO, ST_END)
VALUES( 8, 13, 341, TO_DATE('30122000','DDMMYYYY'), 'A');

INSERT INTO MC_END_FUNC(CD_FUNCIONARIO, CD_LOGRADOURO, NR_END, DT_INICIO, ST_END)
VALUES( 9, 1, 87, TO_DATE('30122000','DDMMYYYY'), 'A');

INSERT INTO MC_END_FUNC(CD_FUNCIONARIO, CD_LOGRADOURO, NR_END, DT_INICIO, ST_END)
VALUES( 10, 10, 87, TO_DATE('12121997','DDMMYYYY'), 'A');

INSERT INTO MC_END_FUNC(CD_FUNCIONARIO, CD_LOGRADOURO, NR_END, DT_INICIO, ST_END)
VALUES( 11, 9, 233, TO_DATE('12121997','DDMMYYYY'), 'A');

INSERT INTO MC_END_FUNC(CD_FUNCIONARIO, CD_LOGRADOURO, NR_END, DT_INICIO, ST_END)
VALUES( 12, 14, 716, TO_DATE('12121997','DDMMYYYY'), 'A');

INSERT INTO MC_END_FUNC(CD_FUNCIONARIO, CD_LOGRADOURO, NR_END, DT_INICIO, ST_END)
VALUES( 13, 15, 6, TO_DATE('12121997','DDMMYYYY'), 'A');

INSERT INTO MC_END_FUNC(CD_FUNCIONARIO, CD_LOGRADOURO, NR_END, DT_INICIO, ST_END)
VALUES( 14, 16, 78, TO_DATE('12121997','DDMMYYYY'), 'A');

INSERT INTO MC_END_FUNC(CD_FUNCIONARIO, CD_LOGRADOURO, NR_END, DT_INICIO, ST_END)
VALUES( 15, 17, 21, TO_DATE('12121997','DDMMYYYY'), 'A');

INSERT INTO MC_END_FUNC(CD_FUNCIONARIO, CD_LOGRADOURO, NR_END, DT_INICIO, ST_END)
VALUES( 16, 18, 221, TO_DATE('12121997','DDMMYYYY'), 'A');

INSERT INTO MC_END_FUNC(CD_FUNCIONARIO, CD_LOGRADOURO, NR_END, DT_INICIO, ST_END)
VALUES( 17, 19, 221, TO_DATE('12121997','DDMMYYYY'), 'A');

INSERT INTO MC_END_FUNC(CD_FUNCIONARIO, CD_LOGRADOURO, NR_END, DT_INICIO, ST_END)
VALUES( 18, 20, 221, TO_DATE('12121997','DDMMYYYY'), 'A');

INSERT INTO MC_END_FUNC(CD_FUNCIONARIO, CD_LOGRADOURO, NR_END, DT_INICIO, ST_END)
VALUES( 19, 17, 79, TO_DATE('12121997','DDMMYYYY'), 'A');

INSERT INTO MC_END_FUNC(CD_FUNCIONARIO, CD_LOGRADOURO, NR_END, DT_INICIO, ST_END)
VALUES( 20, 1, 79, TO_DATE('12121997','DDMMYYYY'), 'A');

INSERT INTO MC_END_FUNC(CD_FUNCIONARIO, CD_LOGRADOURO, NR_END, DT_INICIO, ST_END)
VALUES( 21, 2, 79, TO_DATE('12121997','DDMMYYYY'), 'A');

--INSERÇÃO DE CLIENTES
INSERT INTO MC_CLIENTE(NR_CLIENTE, NM_CLIENTE, NM_LOGIN, DS_SENHA)
VALUES (SQ_MC_CLIENTE.NEXTVAL,'CAMILA LUCIO', 'CAMIS', 'CAMIS');
INSERT INTO MC_CLI_FISICA(NR_CLIENTE, DT_NASCIMENTO, FL_SEXO_BIOLOGICO, NR_CPF)
VALUES (SQ_MC_CLIENTE.CURRVAL, SYSDATE-15000, 'F', 13001023400);

INSERT INTO MC_CLIENTE(NR_CLIENTE, NM_CLIENTE, NM_LOGIN, DS_SENHA)
VALUES (SQ_MC_CLIENTE.NEXTVAL,'SUELI THOMPSON', 'SUELI', 'SUELI');
INSERT INTO MC_CLI_FISICA(NR_CLIENTE, DT_NASCIMENTO, FL_SEXO_BIOLOGICO, NR_CPF)
VALUES (SQ_MC_CLIENTE.CURRVAL, SYSDATE-14678, 'F', 13209876522);

INSERT INTO MC_CLIENTE(NR_CLIENTE, NM_CLIENTE, NM_LOGIN, DS_SENHA)
VALUES (SQ_MC_CLIENTE.NEXTVAL,'SUSI VEIGA', 'SUSI', 'SUSI');
INSERT INTO MC_CLI_FISICA(NR_CLIENTE, DT_NASCIMENTO, FL_SEXO_BIOLOGICO, NR_CPF)
VALUES (SQ_MC_CLIENTE.CURRVAL, SYSDATE-14990, 'F', 9876544212);

INSERT INTO MC_CLIENTE(NR_CLIENTE, NM_CLIENTE, NM_LOGIN, DS_SENHA)
VALUES (SQ_MC_CLIENTE.NEXTVAL,'SILMARA SANCY', 'SILMARA', 'SILMARA');
INSERT INTO MC_CLI_FISICA(NR_CLIENTE, DT_NASCIMENTO, FL_SEXO_BIOLOGICO, NR_CPF)
VALUES (SQ_MC_CLIENTE.CURRVAL, SYSDATE-16789, 'F', 08765432122);

INSERT INTO MC_CLIENTE(NR_CLIENTE, NM_CLIENTE, NM_LOGIN, DS_SENHA)
VALUES (SQ_MC_CLIENTE.NEXTVAL,'MARA MARAVILHA', 'MARA', 'MARA');
INSERT INTO MC_CLI_FISICA(NR_CLIENTE, DT_NASCIMENTO, FL_SEXO_BIOLOGICO, NR_CPF)
VALUES (SQ_MC_CLIENTE.CURRVAL, SYSDATE-17654, 'F', 98765632212);

INSERT INTO MC_CLIENTE(NR_CLIENTE, NM_CLIENTE, NM_LOGIN, DS_SENHA)
VALUES (SQ_MC_CLIENTE.NEXTVAL,'JULIANA VITAUSTAS', 'JULIANA', 'JULIANA');
INSERT INTO MC_CLI_FISICA(NR_CLIENTE, DT_NASCIMENTO, FL_SEXO_BIOLOGICO, NR_CPF)
VALUES (SQ_MC_CLIENTE.CURRVAL, SYSDATE-16545, 'F', 08765432144);

INSERT INTO MC_CLIENTE(NR_CLIENTE, NM_CLIENTE, NM_LOGIN, DS_SENHA)
VALUES (SQ_MC_CLIENTE.NEXTVAL,'JOANA MARTINS', 'JOANA', 'JOANA');
INSERT INTO MC_CLI_FISICA(NR_CLIENTE, DT_NASCIMENTO, FL_SEXO_BIOLOGICO, NR_CPF)
VALUES (SQ_MC_CLIENTE.CURRVAL, SYSDATE-19008, 'F', 08765434577);

INSERT INTO MC_CLIENTE(NR_CLIENTE, NM_CLIENTE, NM_LOGIN, DS_SENHA)
VALUES (SQ_MC_CLIENTE.NEXTVAL,'HELENA PILDAP', 'HELENA', 'HELENA');
INSERT INTO MC_CLI_FISICA(NR_CLIENTE, DT_NASCIMENTO, FL_SEXO_BIOLOGICO, NR_CPF)
VALUES (SQ_MC_CLIENTE.CURRVAL, SYSDATE-19345, 'F', 09876543221);

INSERT INTO MC_CLIENTE(NR_CLIENTE, NM_CLIENTE, NM_LOGIN, DS_SENHA)
VALUES (SQ_MC_CLIENTE.NEXTVAL,'IVANA MARY', 'IVANA', 'IVANA');
INSERT INTO MC_CLI_FISICA(NR_CLIENTE, DT_NASCIMENTO, FL_SEXO_BIOLOGICO, NR_CPF)
VALUES (SQ_MC_CLIENTE.CURRVAL, SYSDATE-18761, 'F', 08309812312);

INSERT INTO MC_CLIENTE(NR_CLIENTE, NM_CLIENTE, NM_LOGIN, DS_SENHA)
VALUES (SQ_MC_CLIENTE.NEXTVAL,'KELLY DULIP', 'KELLY', 'KELLY');
INSERT INTO MC_CLI_FISICA(NR_CLIENTE, DT_NASCIMENTO, FL_SEXO_BIOLOGICO, NR_CPF)
VALUES (SQ_MC_CLIENTE.CURRVAL, SYSDATE-17890, 'F', 09308877654);

INSERT INTO MC_CLIENTE(NR_CLIENTE, NM_CLIENTE, NM_LOGIN, DS_SENHA)
VALUES (SQ_MC_CLIENTE.NEXTVAL,'IBM CONSULTORIA', 'IBM', 'IBM');
INSERT INTO MC_CLI_JURIDICA(NR_CLIENTE, DT_FUNDACAO, NR_CNPJ)
VALUES (SQ_MC_CLIENTE.CURRVAL, SYSDATE-42000, 02045677000121);

INSERT INTO MC_CLIENTE(NR_CLIENTE, NM_CLIENTE, NM_LOGIN, DS_SENHA)
VALUES (SQ_MC_CLIENTE.NEXTVAL,'MICROSOFT CONSULTORIA', 'MICROSOFT', 'MICROSOFT');
INSERT INTO MC_CLI_JURIDICA(NR_CLIENTE, DT_FUNDACAO, NR_CNPJ)
VALUES (SQ_MC_CLIENTE.CURRVAL, SYSDATE-28000, 03457000122);

INSERT INTO MC_CLIENTE(NR_CLIENTE, NM_CLIENTE, NM_LOGIN, DS_SENHA)
VALUES (SQ_MC_CLIENTE.NEXTVAL,'ORACLE CONSULTORIA', 'ORACLE', 'ORACLE');
INSERT INTO MC_CLI_JURIDICA(NR_CLIENTE, DT_FUNDACAO, NR_CNPJ)
VALUES (SQ_MC_CLIENTE.CURRVAL, SYSDATE-35000, 02248000155);

INSERT INTO MC_CLIENTE(NR_CLIENTE, NM_CLIENTE, NM_LOGIN, DS_SENHA)
VALUES (SQ_MC_CLIENTE.NEXTVAL,'AWS CONSULTORIA', 'AWS', 'AWS');
INSERT INTO MC_CLI_JURIDICA(NR_CLIENTE, DT_FUNDACAO, NR_CNPJ)
VALUES (SQ_MC_CLIENTE.CURRVAL, SYSDATE-12500, 04567000156);

INSERT INTO MC_CLIENTE(NR_CLIENTE, NM_CLIENTE, NM_LOGIN, DS_SENHA)
VALUES (SQ_MC_CLIENTE.NEXTVAL,'GCP CONSULTORIA', 'GCP', 'GCP');
INSERT INTO MC_CLI_JURIDICA(NR_CLIENTE, DT_FUNDACAO, NR_CNPJ)
VALUES (SQ_MC_CLIENTE.CURRVAL, SYSDATE-8000, 05867000132);

--INSERÇÃO DE ENDEREÇOS DOS CLIENTES
INSERT INTO MC_END_CLI(NR_CLIENTE, CD_LOGRADOURO_CLI, NR_END, DT_INICIO, ST_END)
VALUES( 1, 12, 23, TO_DATE('12121997','DDMMYYYY'), 'A');

INSERT INTO MC_END_CLI(NR_CLIENTE, CD_LOGRADOURO_CLI, NR_END, DT_INICIO, ST_END)
VALUES( 2, 1, 31, TO_DATE('12121997','DDMMYYYY'), 'A');

INSERT INTO MC_END_CLI(NR_CLIENTE, CD_LOGRADOURO_CLI, NR_END, DT_INICIO, ST_END)
VALUES( 3, 7, 1, TO_DATE('12121997','DDMMYYYY'), 'A');

INSERT INTO MC_END_CLI(NR_CLIENTE, CD_LOGRADOURO_CLI, NR_END, DT_INICIO, ST_END)
VALUES( 4, 5, 1, TO_DATE('12121997','DDMMYYYY'), 'A');

INSERT INTO MC_END_CLI(NR_CLIENTE, CD_LOGRADOURO_CLI, NR_END, DT_INICIO, ST_END)
VALUES( 5, 6, 1, TO_DATE('12121997','DDMMYYYY'), 'A');

INSERT INTO MC_END_CLI(NR_CLIENTE, CD_LOGRADOURO_CLI, NR_END, DT_INICIO, ST_END)
VALUES( 6, 8, 1, TO_DATE('12121997','DDMMYYYY'), 'A');

INSERT INTO MC_END_CLI(NR_CLIENTE, CD_LOGRADOURO_CLI, NR_END, DT_INICIO, ST_END)
VALUES( 7, 9, 1, TO_DATE('12121997','DDMMYYYY'), 'A');

INSERT INTO MC_END_CLI(NR_CLIENTE, CD_LOGRADOURO_CLI, NR_END, DT_INICIO, ST_END)
VALUES( 8, 3, 1, TO_DATE('12121997','DDMMYYYY'), 'A');

INSERT INTO MC_END_CLI(NR_CLIENTE, CD_LOGRADOURO_CLI, NR_END, DT_INICIO, ST_END)
VALUES( 9, 1, 1, TO_DATE('12121997','DDMMYYYY'), 'A');

INSERT INTO MC_END_CLI(NR_CLIENTE, CD_LOGRADOURO_CLI, NR_END, DT_INICIO, ST_END)
VALUES( 10, 12, 1, TO_DATE('12121997','DDMMYYYY'), 'A');

INSERT INTO MC_END_CLI(NR_CLIENTE, CD_LOGRADOURO_CLI, NR_END, DT_INICIO, ST_END)
VALUES( 11, 10, 1, TO_DATE('12121997','DDMMYYYY'), 'A');

INSERT INTO MC_END_CLI(NR_CLIENTE, CD_LOGRADOURO_CLI, NR_END, DT_INICIO, ST_END)
VALUES( 12, 14, 1, TO_DATE('12121997','DDMMYYYY'), 'A');

INSERT INTO MC_END_CLI(NR_CLIENTE, CD_LOGRADOURO_CLI, NR_END, DT_INICIO, ST_END)
VALUES( 13, 15, 1, TO_DATE('12121997','DDMMYYYY'), 'A');

INSERT INTO MC_END_CLI(NR_CLIENTE, CD_LOGRADOURO_CLI, NR_END, DT_INICIO, ST_END)
VALUES( 14, 18, 1, TO_DATE('12121997','DDMMYYYY'), 'A');

INSERT INTO MC_END_CLI(NR_CLIENTE, CD_LOGRADOURO_CLI, NR_END, DT_INICIO, ST_END)
VALUES( 15, 20, 1, TO_DATE('12121997','DDMMYYYY'), 'A');

--INSERÇÃO DE CATEGORIAS DOS PRODUTOS
INSERT INTO MC_CATEGORIA_PROD(CD_CATEGORIA, TP_CATEGORIA, DS_CATEGORIA, DT_INICIO, ST_CATEGORIA)
VALUES (SQ_MC_CATEGORIA.NEXTVAL,'P', 'Artesanato', SYSDATE-22000, 'A' );

INSERT INTO MC_CATEGORIA_PROD(CD_CATEGORIA, TP_CATEGORIA, DS_CATEGORIA, DT_INICIO, ST_CATEGORIA)
VALUES (SQ_MC_CATEGORIA.NEXTVAL,'P', 'audio', SYSDATE-22000, 'A' );

INSERT INTO MC_CATEGORIA_PROD(CD_CATEGORIA, TP_CATEGORIA, DS_CATEGORIA, DT_INICIO, ST_CATEGORIA)
VALUES (SQ_MC_CATEGORIA.NEXTVAL,'P', 'Brinquedos', SYSDATE-22000, 'A' );

INSERT INTO MC_CATEGORIA_PROD(CD_CATEGORIA, TP_CATEGORIA, DS_CATEGORIA, DT_INICIO, ST_CATEGORIA)
VALUES (SQ_MC_CATEGORIA.NEXTVAL,'P', 'Celular e Smartphone', SYSDATE-22000, 'A' );

INSERT INTO MC_CATEGORIA_PROD(CD_CATEGORIA, TP_CATEGORIA, DS_CATEGORIA, DT_INICIO, ST_CATEGORIA)
VALUES (SQ_MC_CATEGORIA.NEXTVAL,'P', 'Colchoes', SYSDATE-22000, 'A' );

INSERT INTO MC_CATEGORIA_PROD(CD_CATEGORIA, TP_CATEGORIA, DS_CATEGORIA, DT_INICIO, ST_CATEGORIA)
VALUES (SQ_MC_CATEGORIA.NEXTVAL,'P', 'Esporte e Lazer', SYSDATE-22000, 'A' );

INSERT INTO MC_CATEGORIA_PROD(CD_CATEGORIA, TP_CATEGORIA, DS_CATEGORIA, DT_INICIO, ST_CATEGORIA)
VALUES (SQ_MC_CATEGORIA.NEXTVAL,'P', 'Ferramentas', SYSDATE-22000, 'A' );

INSERT INTO MC_CATEGORIA_PROD(CD_CATEGORIA, TP_CATEGORIA, DS_CATEGORIA, DT_INICIO, ST_CATEGORIA)
VALUES (SQ_MC_CATEGORIA.NEXTVAL,'P', 'Games', SYSDATE-22000, 'A' );

INSERT INTO MC_CATEGORIA_PROD(CD_CATEGORIA, TP_CATEGORIA, DS_CATEGORIA, DT_INICIO, ST_CATEGORIA)
VALUES (SQ_MC_CATEGORIA.NEXTVAL,'P', 'Informatica', SYSDATE-22000, 'A' );

INSERT INTO MC_CATEGORIA_PROD(CD_CATEGORIA, TP_CATEGORIA, DS_CATEGORIA, DT_INICIO, ST_CATEGORIA)
VALUES (SQ_MC_CATEGORIA.NEXTVAL,'P', 'Livros', SYSDATE-22000, 'A' );

INSERT INTO MC_CATEGORIA_PROD(CD_CATEGORIA, TP_CATEGORIA, DS_CATEGORIA, DT_INICIO, ST_CATEGORIA)
VALUES (SQ_MC_CATEGORIA.NEXTVAL,'P', 'Pet Shop', SYSDATE-22000, 'A' );

INSERT INTO MC_CATEGORIA_PROD(CD_CATEGORIA, TP_CATEGORIA, DS_CATEGORIA, DT_INICIO, ST_CATEGORIA)
VALUES (SQ_MC_CATEGORIA.NEXTVAL,'P', 'TV e Utilidades Domesticas', SYSDATE-22000, 'A' );

INSERT INTO MC_CATEGORIA_PROD(CD_CATEGORIA, TP_CATEGORIA, DS_CATEGORIA, DT_INICIO, ST_CATEGORIA)
VALUES (SQ_MC_CATEGORIA.NEXTVAL,'V', 'Instalacao do produto', SYSDATE-22000, 'A' );

INSERT INTO MC_CATEGORIA_PROD(CD_CATEGORIA, TP_CATEGORIA, DS_CATEGORIA, DT_INICIO, ST_CATEGORIA)
VALUES (SQ_MC_CATEGORIA.NEXTVAL,'V', 'Uso no cotidiano', SYSDATE-22000, 'A' );

INSERT INTO MC_CATEGORIA_PROD(CD_CATEGORIA, TP_CATEGORIA, DS_CATEGORIA, DT_INICIO, ST_CATEGORIA)
VALUES (SQ_MC_CATEGORIA.NEXTVAL,'V', 'Comercial com personalidade', SYSDATE-22000, 'A' );

--INSERÇÃO DOS PRODUTOS
INSERT INTO MC_PRODUTO (CD_PRODUTO, CD_CATEGORIA, DS_PRODUTO, VL_UNITARIO, DS_COMPLETA_PROD, VL_PERC_LUCRO)
VALUES(SQ_MC_PRODUTO.NEXTVAL, 1, 'Boneca de Pano LupaLupa', 55.52, 'Boneca de Pano especial feita a mao', 48);

INSERT INTO MC_PRODUTO (CD_PRODUTO, CD_CATEGORIA, DS_PRODUTO, VL_UNITARIO, DS_COMPLETA_PROD, VL_PERC_LUCRO)
VALUES(SQ_MC_PRODUTO.NEXTVAL, 2, 'Fone ouvido Sony wifi', 132, 'Fone de ouvido top de mercado', 34);

INSERT INTO MC_PRODUTO (CD_PRODUTO, CD_CATEGORIA, DS_PRODUTO, VL_UNITARIO, DS_COMPLETA_PROD, VL_PERC_LUCRO)
VALUES(SQ_MC_PRODUTO.NEXTVAL, 3, 'Jogo tabuleiro imagem  e acao', 220, 'famoso jogo de tabuleiro', 30);

INSERT INTO MC_PRODUTO (CD_PRODUTO, CD_CATEGORIA, DS_PRODUTO, VL_UNITARIO, DS_COMPLETA_PROD, VL_PERC_LUCRO)
VALUES(SQ_MC_PRODUTO.NEXTVAL, 4, 'Celular Samsumg 20 geracao', 2134, 'Novo celular 3d samsumg',32);

INSERT INTO MC_PRODUTO (CD_PRODUTO, CD_CATEGORIA, DS_PRODUTO, VL_UNITARIO, DS_COMPLETA_PROD, VL_PERC_LUCRO)
VALUES(SQ_MC_PRODUTO.NEXTVAL, 5, 'Colchao Castor Molas King', 1456, 'Novo colchao molas king castor', 28);

INSERT INTO MC_PRODUTO (CD_PRODUTO, CD_CATEGORIA, DS_PRODUTO, VL_UNITARIO, DS_COMPLETA_PROD, VL_PERC_LUCRO)
VALUES(SQ_MC_PRODUTO.NEXTVAL, 6, 'Tenis Nike voador', 657, 'Tenis Nike para pratica esportiva',29);

INSERT INTO MC_PRODUTO (CD_PRODUTO, CD_CATEGORIA, DS_PRODUTO, VL_UNITARIO, DS_COMPLETA_PROD, VL_PERC_LUCRO)
VALUES(SQ_MC_PRODUTO.NEXTVAL, 6, 'Meia Mizuno 5 star', 54, 'meia mizuno 5 star', 60);
INSERT INTO MC_PRODUTO (CD_PRODUTO, CD_CATEGORIA, DS_PRODUTO, VL_UNITARIO, DS_COMPLETA_PROD, VL_PERC_LUCRO)
VALUES(SQ_MC_PRODUTO.NEXTVAL, 6, 'Calcao banho marinho', 65, 'Calcao de banho para piscina na cor marinho', 32);

INSERT INTO MC_PRODUTO (CD_PRODUTO, CD_CATEGORIA, DS_PRODUTO, VL_UNITARIO, DS_COMPLETA_PROD, VL_PERC_LUCRO)
VALUES(SQ_MC_PRODUTO.NEXTVAL, 7, 'Chave de Venda 15 opcoes', 45, 'Chave de fenda especial com15 opcoes de acesso ao parafuso', 32);
INSERT INTO MC_PRODUTO (CD_PRODUTO, CD_CATEGORIA, DS_PRODUTO, VL_UNITARIO, DS_COMPLETA_PROD, VL_PERC_LUCRO)
VALUES(SQ_MC_PRODUTO.NEXTVAL, 7, 'Furadeira Marcenaria Profissional', 546, 'Furadeira Thompson de ultima geracao',33.9);
INSERT INTO MC_PRODUTO (CD_PRODUTO, CD_CATEGORIA, DS_PRODUTO, VL_UNITARIO, DS_COMPLETA_PROD, VL_PERC_LUCRO)
VALUES(SQ_MC_PRODUTO.NEXTVAL, 7, 'Maleta com 150 chaves de boca', 499, 'Maleta contendo 150 chaves de boca dos  mais variados tipos',33.8);

INSERT INTO MC_PRODUTO (CD_PRODUTO, CD_CATEGORIA, DS_PRODUTO, VL_UNITARIO, DS_COMPLETA_PROD, VL_PERC_LUCRO)
VALUES(SQ_MC_PRODUTO.NEXTVAL, 8, 'Jogo Game of Throne PS6', 389, 'O novo jogo do Game of Throne disponivel para uso asap',31);
INSERT INTO MC_PRODUTO (CD_PRODUTO, CD_CATEGORIA, DS_PRODUTO, VL_UNITARIO, DS_COMPLETA_PROD, VL_PERC_LUCRO)
VALUES(SQ_MC_PRODUTO.NEXTVAL, 9, 'Notebook core i7 16Gb Memoria Del 14 inspirion', 2640, 'Notebook Dell Inspirion ultima geracao pesando apenas 0,9kg',30);
INSERT INTO MC_PRODUTO (CD_PRODUTO, CD_CATEGORIA, DS_PRODUTO, VL_UNITARIO, DS_COMPLETA_PROD, VL_PERC_LUCRO)
VALUES(SQ_MC_PRODUTO.NEXTVAL, 9, 'Notebook core i5 16Gb Memoria Del 14 inspirion', 2340, 'Notebook Dell Inspirion ultima geracao pesando apenas 0,9kg', 32);
INSERT INTO MC_PRODUTO (CD_PRODUTO, CD_CATEGORIA, DS_PRODUTO, VL_UNITARIO, DS_COMPLETA_PROD, VL_PERC_LUCRO)
VALUES(SQ_MC_PRODUTO.NEXTVAL, 9, 'Mouse sem fio', 54, 'Mouse sem fio com conexao USB',33);

INSERT INTO MC_PRODUTO (CD_PRODUTO, CD_CATEGORIA, DS_PRODUTO, VL_UNITARIO, DS_COMPLETA_PROD, VL_PERC_LUCRO)
VALUES(SQ_MC_PRODUTO.NEXTVAL, 10, 'Livro Viajando com a vida', 22, 'Livro que  explica a importancia de viver feliz',70);
INSERT INTO MC_PRODUTO (CD_PRODUTO, CD_CATEGORIA, DS_PRODUTO, VL_UNITARIO, DS_COMPLETA_PROD, VL_PERC_LUCRO)
VALUES(SQ_MC_PRODUTO.NEXTVAL, 10, 'Livro conhecendo o futuro', 55, 'Livro que explica o sentido da vida',32);

INSERT INTO MC_PRODUTO (CD_PRODUTO, CD_CATEGORIA, DS_PRODUTO, VL_UNITARIO, DS_COMPLETA_PROD, VL_PERC_LUCRO)
VALUES(SQ_MC_PRODUTO.NEXTVAL, 11, 'Coleira anti pulga cachorro pequeno', 67, 'Coleira antipulga para cachorro pequeno',22);
INSERT INTO MC_PRODUTO (CD_PRODUTO, CD_CATEGORIA, DS_PRODUTO, VL_UNITARIO, DS_COMPLETA_PROD, VL_PERC_LUCRO)
VALUES(SQ_MC_PRODUTO.NEXTVAL, 11, 'Racao Royal Canin', 122, 'Racao especial Royal Canin',24);

INSERT INTO MC_PRODUTO (CD_PRODUTO, CD_CATEGORIA, DS_PRODUTO, VL_UNITARIO, DS_COMPLETA_PROD, VL_PERC_LUCRO)
VALUES(SQ_MC_PRODUTO.NEXTVAL, 12, 'Smart TV 60 polegadas', 2567, 'Melhor TV smart do mercado', 29);

--INSERÇÃO DE VÍDEOS
INSERT INTO MC_SGV_PRODUTO_VIDEO  (CD_PRODUTO, NR_SEQUENCIA, CD_CATEGORIA, TP_VIDEO_PROD, DS_PATH_VIDEO_PROD, ST_VIDEO_PROD) 
VALUES (10, 1, 14, 'DICA', '/video/video_12.mp4', 'A');

INSERT INTO MC_SGV_PRODUTO_VIDEO  (CD_PRODUTO, NR_SEQUENCIA, CD_CATEGORIA, TP_VIDEO_PROD, DS_PATH_VIDEO_PROD, ST_VIDEO_PROD) 
VALUES (15, 1, 15, 'DICA', '/video/video_15.mp4', 'A');

--INSERÇÃO DE VISUALIZAÇÕES
INSERT INTO MC_SGV_VISUALIZACAO_VIDEO(CD_VISUALIZACAO_VIDEO, NR_CLIENTE, CD_PRODUTO, DT_VISUALIZACAO, NR_HORA_VISUALIZACAO, NR_MINUTO_VIDEO, NR_SEGUNDO_VIDEO)
VALUES (SQ_MC_SGV_VISUAL_PROD.NEXTVAL, 10, 15, SYSDATE-10, 22, 30,22);

INSERT INTO MC_SGV_VISUALIZACAO_VIDEO(CD_VISUALIZACAO_VIDEO, NR_CLIENTE, CD_PRODUTO, DT_VISUALIZACAO, NR_HORA_VISUALIZACAO, NR_MINUTO_VIDEO, NR_SEGUNDO_VIDEO)
VALUES (SQ_MC_SGV_VISUAL_PROD.NEXTVAL, 10, 13, SYSDATE-8, 14, 12,55);

INSERT INTO MC_SGV_VISUALIZACAO_VIDEO(CD_VISUALIZACAO_VIDEO, NR_CLIENTE, CD_PRODUTO, DT_VISUALIZACAO, NR_HORA_VISUALIZACAO, NR_MINUTO_VIDEO, NR_SEGUNDO_VIDEO)
VALUES (SQ_MC_SGV_VISUAL_PROD.NEXTVAL, 10, 16, SYSDATE-5, 16, 43,09);

INSERT INTO MC_SGV_VISUALIZACAO_VIDEO(CD_VISUALIZACAO_VIDEO, NR_CLIENTE, CD_PRODUTO, DT_VISUALIZACAO, NR_HORA_VISUALIZACAO, NR_MINUTO_VIDEO, NR_SEGUNDO_VIDEO)
VALUES (SQ_MC_SGV_VISUAL_PROD.NEXTVAL, 10, 18, SYSDATE-2, 09, 31,56);

INSERT INTO MC_SGV_VISUALIZACAO_VIDEO(CD_VISUALIZACAO_VIDEO, NR_CLIENTE, CD_PRODUTO, DT_VISUALIZACAO, NR_HORA_VISUALIZACAO, NR_MINUTO_VIDEO, NR_SEGUNDO_VIDEO)
VALUES (SQ_MC_SGV_VISUAL_PROD.NEXTVAL, 10, 19, SYSDATE-1, 12, 12,12);

--INSERÇÃO DE SACs
INSERT INTO MC_SGV_SAC(NR_SAC, NR_CLIENTE, CD_PRODUTO, TP_SAC) VALUES(SQ_MC_SGV_SAC.NEXTVAL, 1, 1, 'S');
INSERT INTO MC_SGV_SAC(NR_SAC, NR_CLIENTE, CD_PRODUTO, TP_SAC) VALUES(SQ_MC_SGV_SAC.NEXTVAL, 10, 6, 'D');
INSERT INTO MC_SGV_SAC(NR_SAC, NR_CLIENTE, CD_PRODUTO, TP_SAC) VALUES(SQ_MC_SGV_SAC.NEXTVAL, 2, 3, 'E');

--INSERCAO OCORRENCIA SAC
INSERT INTO MC_SGV_OCORRENCIA_SAC(NR_OCORRENCIA_SAC, DS_TIPO_CLASSIFICACAO_SAC, CD_PRODUTO, DS_PRODUTO, VL_UNITARIO_PRODUTO, SG_ESTADO, NM_ESTADO, NR_CLIENTE, NM_CLIENTE)
VALUES (1, 'S', 1, 'Boneca de Pano LupaLupa', 55.52, 'SC', 'SANTA CATARIA', 1, 'CAMILA LUCIO');
INSERT INTO MC_SGV_OCORRENCIA_SAC(NR_OCORRENCIA_SAC, DS_TIPO_CLASSIFICACAO_SAC, CD_PRODUTO, DS_PRODUTO, VL_UNITARIO_PRODUTO, SG_ESTADO, NM_ESTADO, NR_CLIENTE, NM_CLIENTE)
VALUES (2, 'D', 6, 'Tenis Nike voador', 657, 'SC', 'SANTA CATARIA', 10, 'KELLY DULIP');
INSERT INTO MC_SGV_OCORRENCIA_SAC(NR_OCORRENCIA_SAC, DS_TIPO_CLASSIFICACAO_SAC, CD_PRODUTO, DS_PRODUTO, VL_UNITARIO_PRODUTO, SG_ESTADO, NM_ESTADO, NR_CLIENTE, NM_CLIENTE)
VALUES (3, 'E', 3, 'Jogo tabuleiro imagem  e acao', 220, 'RS', 'RIO GRANDE DO SUL', 2, 'SUELI THOMPSON');

COMMIT;